{"cameraMode":{"drawMode":0,"name":"Shaded","section":"Shading Mode"},"sceneLighting":true,"audioPlay":false,"sceneViewState":{"m_AlwaysRefresh":false,"showFog":true,"showSkybox":true,"showFlares":true,"showImageEffects":true,"showParticleSystems":true,"showVisualEffectGraphs":true,"m_FxEnabled":true},"in2DMode":false,"pivot":{"x":-10.449553489685059,"y":-11.464855194091797,"z":-2.3264658451080324},"rotation":{"x":0.21105356514453889,"y":-0.6778892874717712,"z":0.21333985030651093,"w":0.6710431575775147},"size":29.507539749145509,"orthographic":false}