{"cameraMode":{"drawMode":0,"name":"Shaded","section":"Shading Mode"},"sceneLighting":false,"audioPlay":false,"sceneViewState":{"m_AlwaysRefresh":false,"showFog":false,"showSkybox":false,"showFlares":false,"showImageEffects":false,"showParticleSystems":false,"showVisualEffectGraphs":true,"m_FxEnabled":true},"in2DMode":false,"pivot":{"x":0.077391617000103,"y":1.1097135543823243,"z":-0.5696614384651184},"rotation":{"x":-0.006842448376119137,"y":0.9930118918418884,"z":0.07430645823478699,"w":0.0914171040058136},"size":1.0140013694763184,"orthographic":false}